"","accuracy","precision","sensitivity","specificity"
"Mean",0.618461538461539,0.482688770184126,0.666827564643315,0.587099579721795
"Standard deviation",0.0366304241192837,0.22963655451808,0.116309010771132,0.0541635011109496
